{"cameraMode":{"drawMode":0,"name":"Shaded","section":"Shading Mode"},"sceneLighting":false,"audioPlay":false,"sceneViewState":{"m_AlwaysRefresh":false,"showFog":false,"showSkybox":false,"showFlares":false,"showImageEffects":false,"showParticleSystems":false,"showVisualEffectGraphs":true,"m_FxEnabled":true},"in2DMode":false,"pivot":{"x":-0.35049447417259219,"y":1.1267478466033936,"z":0.07083386182785034},"rotation":{"x":0.00160617392975837,"y":-0.996528685092926,"z":0.014919476583600045,"w":0.08328042924404144},"size":1.6177916526794434,"orthographic":true}