{"cameraMode":{"drawMode":0,"name":"Shaded","section":"Shading Mode"},"sceneLighting":false,"audioPlay":false,"sceneViewState":{"m_AlwaysRefresh":false,"showFog":false,"showSkybox":false,"showFlares":false,"showImageEffects":false,"showParticleSystems":false,"showVisualEffectGraphs":true,"m_FxEnabled":true},"in2DMode":false,"pivot":{"x":-0.06486117839813233,"y":0.9967325925827026,"z":0.01171731948852539},"rotation":{"x":-0.12277419120073319,"y":-0.03300487622618675,"z":0.0032090453896671535,"w":-0.9928685426712036},"size":2.1380364894866945,"orthographic":false}