{"cameraMode":{"drawMode":0,"name":"Shaded","section":"Shading Mode"},"sceneLighting":true,"audioPlay":false,"sceneViewState":{"m_AlwaysRefresh":false,"showFog":true,"showSkybox":true,"showFlares":true,"showImageEffects":true,"showParticleSystems":true,"showVisualEffectGraphs":true,"m_FxEnabled":true},"in2DMode":false,"pivot":{"x":7.097820281982422,"y":-119.03115844726563,"z":325.9493408203125},"rotation":{"x":-0.11088581383228302,"y":-0.00032001742511056364,"z":-0.0019077048636972905,"w":-0.9948370456695557},"size":209.05258178710938,"orthographic":false}