{"cameraMode":{"drawMode":0,"name":"Shaded","section":"Shading Mode"},"sceneLighting":true,"audioPlay":false,"sceneViewState":{"m_AlwaysRefresh":false,"showFog":true,"showSkybox":true,"showFlares":true,"showImageEffects":true,"showParticleSystems":true,"showVisualEffectGraphs":true,"m_FxEnabled":true},"in2DMode":false,"pivot":{"x":-1.173247218132019,"y":2.2276253700256349,"z":-0.7802551984786987},"rotation":{"x":-0.0029353180434554817,"y":0.02195386402308941,"z":-0.0030695851892232897,"w":-1.0004405975341797},"size":2.9433929920196535,"orthographic":true}