{"cameraMode":{"drawMode":0,"name":"Shaded","section":"Shading Mode"},"sceneLighting":true,"audioPlay":false,"sceneViewState":{"m_AlwaysRefresh":false,"showFog":true,"showSkybox":true,"showFlares":true,"showImageEffects":true,"showParticleSystems":true,"showVisualEffectGraphs":true,"m_FxEnabled":true},"in2DMode":false,"pivot":{"x":-1.0973142385482789,"y":1.8470745086669922,"z":0.7920699119567871},"rotation":{"x":0.17321594059467317,"y":-0.00009582140774000436,"z":-0.001059513888321817,"w":0.9854270815849304},"size":7.243939399719238,"orthographic":true}