{"cameraMode":{"drawMode":0,"name":"Shaded","section":"Shading Mode"},"sceneLighting":true,"audioPlay":false,"sceneViewState":{"m_AlwaysRefresh":false,"showFog":true,"showSkybox":true,"showFlares":true,"showImageEffects":true,"showParticleSystems":true,"showVisualEffectGraphs":true,"m_FxEnabled":true},"in2DMode":false,"pivot":{"x":3.0214931964874269,"y":-1.0030651092529297,"z":0.5996551513671875},"rotation":{"x":-0.18020844459533692,"y":0.06762919574975968,"z":-0.01310536079108715,"w":-0.9822025895118713},"size":12.679184913635254,"orthographic":false}