{"cameraMode":{"drawMode":0,"name":"Shaded","section":"Shading Mode"},"sceneLighting":true,"audioPlay":false,"sceneViewState":{"m_AlwaysRefresh":false,"showFog":true,"showSkybox":true,"showFlares":true,"showImageEffects":true,"showParticleSystems":true,"showVisualEffectGraphs":true,"m_FxEnabled":true},"in2DMode":false,"pivot":{"x":15.662996292114258,"y":-41.78516387939453,"z":97.81819152832031},"rotation":{"x":0.0702560767531395,"y":0.057897407561540607,"z":0.004794807638972998,"w":0.9967465996742249},"size":52.93927001953125,"orthographic":false}