{"cameraMode":{"drawMode":0,"name":"Shaded","section":"Shading Mode"},"sceneLighting":true,"audioPlay":false,"sceneViewState":{"m_AlwaysRefresh":false,"showFog":true,"showSkybox":true,"showFlares":true,"showImageEffects":true,"showParticleSystems":true,"showVisualEffectGraphs":true,"m_FxEnabled":true},"in2DMode":false,"pivot":{"x":-1.3731157779693604,"y":1.582296371459961,"z":1.338468313217163},"rotation":{"x":0.09914987534284592,"y":-0.6866070032119751,"z":0.09535964578390122,"w":0.7139204740524292},"size":2.9851720333099367,"orthographic":true}