{"cameraMode":{"drawMode":0,"name":"Shaded","section":"Shading Mode"},"sceneLighting":true,"audioPlay":false,"sceneViewState":{"m_AlwaysRefresh":false,"showFog":true,"showSkybox":true,"showFlares":true,"showImageEffects":true,"showParticleSystems":true,"showVisualEffectGraphs":true,"m_FxEnabled":true},"in2DMode":false,"pivot":{"x":0.7428427934646606,"y":-67.52568054199219,"z":88.71370697021485},"rotation":{"x":0.2949194610118866,"y":-0.0017814465099945665,"z":0.000588984286878258,"w":0.9555827975273132},"size":76.42550659179688,"orthographic":false}