{"cameraMode":{"drawMode":0,"name":"Shaded","section":"Shading Mode"},"sceneLighting":true,"audioPlay":false,"sceneViewState":{"m_AlwaysRefresh":false,"showFog":true,"showSkybox":true,"showFlares":true,"showImageEffects":true,"showParticleSystems":true,"showVisualEffectGraphs":true,"m_FxEnabled":true},"in2DMode":false,"pivot":{"x":6.097585201263428,"y":-1.093100666999817,"z":2.924759864807129},"rotation":{"x":-0.02036268077790737,"y":-0.01065070554614067,"z":-0.0006154047441668809,"w":-1.0000581741333008},"size":5.920498371124268,"orthographic":false}