{"cameraMode":{"drawMode":0,"name":"Shaded","section":"Shading Mode"},"sceneLighting":true,"audioPlay":false,"sceneViewState":{"m_AlwaysRefresh":false,"showFog":true,"showSkybox":true,"showFlares":true,"showImageEffects":true,"showParticleSystems":true,"showVisualEffectGraphs":true,"m_FxEnabled":true},"in2DMode":false,"pivot":{"x":7.339454174041748,"y":-31.56487274169922,"z":59.452308654785159},"rotation":{"x":-0.057828135788440707,"y":0.008774536661803723,"z":-0.0003389146877452731,"w":-0.9984127879142761},"size":39.920406341552737,"orthographic":false}