{"cameraMode":{"drawMode":0,"name":"Shaded","section":"Shading Mode"},"sceneLighting":true,"audioPlay":false,"sceneViewState":{"m_AlwaysRefresh":false,"showFog":true,"showSkybox":true,"showFlares":true,"showImageEffects":true,"showParticleSystems":true,"showVisualEffectGraphs":true,"m_FxEnabled":true},"in2DMode":false,"pivot":{"x":-16.206207275390626,"y":9.29871940612793,"z":-2.9250478744506838},"rotation":{"x":0.11932490020990372,"y":-0.6812942028045654,"z":0.11298783868551254,"w":0.7139856815338135},"size":22.733713150024415,"orthographic":true}