{"cameraMode":{"drawMode":0,"name":"Shaded","section":"Shading Mode"},"sceneLighting":true,"audioPlay":false,"sceneViewState":{"m_AlwaysRefresh":false,"showFog":true,"showSkybox":true,"showFlares":true,"showImageEffects":true,"showParticleSystems":true,"showVisualEffectGraphs":true,"m_FxEnabled":true},"in2DMode":false,"pivot":{"x":2.522785186767578,"y":-21.219215393066408,"z":62.03187942504883},"rotation":{"x":-0.18214258551597596,"y":0.008509659208357335,"z":-0.0028653389308601619,"w":-0.984224259853363},"size":36.66696548461914,"orthographic":false}