{"cameraMode":{"drawMode":0,"name":"Shaded","section":"Shading Mode"},"sceneLighting":true,"audioPlay":false,"sceneViewState":{"m_AlwaysRefresh":false,"showFog":true,"showSkybox":true,"showFlares":true,"showImageEffects":true,"showParticleSystems":true,"showVisualEffectGraphs":true,"m_FxEnabled":true},"in2DMode":false,"pivot":{"x":-14.297245979309082,"y":-10.959038734436036,"z":51.48664474487305},"rotation":{"x":-0.12448110431432724,"y":0.1363770067691803,"z":-0.018139095976948739,"w":-0.9836350679397583},"size":30.261560440063478,"orthographic":false}