{"cameraMode":{"drawMode":0,"name":"Shaded","section":"Shading Mode"},"sceneLighting":true,"audioPlay":false,"sceneViewState":{"m_AlwaysRefresh":false,"showFog":true,"showSkybox":true,"showFlares":true,"showImageEffects":true,"showParticleSystems":true,"showVisualEffectGraphs":true,"m_FxEnabled":true},"in2DMode":false,"pivot":{"x":0.20495444536209107,"y":3.284881114959717,"z":1.513272762298584},"rotation":{"x":-0.0972568690776825,"y":0.028962552547454835,"z":-0.006795160472393036,"w":-0.9955291748046875},"size":3.034799575805664,"orthographic":true}