{"cameraMode":{"drawMode":0,"name":"Shaded","section":"Shading Mode"},"sceneLighting":true,"audioPlay":false,"sceneViewState":{"m_AlwaysRefresh":false,"showFog":true,"showSkybox":true,"showFlares":true,"showImageEffects":true,"showParticleSystems":true,"showVisualEffectGraphs":true,"m_FxEnabled":true},"in2DMode":false,"pivot":{"x":-1.0973142385482789,"y":1.8470745086669922,"z":0.7920699119567871},"rotation":{"x":0.16137003898620606,"y":-0.01935056783258915,"z":0.0019962587393820287,"w":0.9872421622276306},"size":14.599093437194825,"orthographic":true}