{"cameraMode":{"drawMode":0,"name":"Shaded","section":"Shading Mode"},"sceneLighting":true,"audioPlay":false,"sceneViewState":{"m_AlwaysRefresh":false,"showFog":true,"showSkybox":true,"showFlares":true,"showImageEffects":true,"showParticleSystems":true,"showVisualEffectGraphs":true,"m_FxEnabled":true},"in2DMode":false,"pivot":{"x":-0.02125227451324463,"y":2.3574538230895998,"z":-0.1409023106098175},"rotation":{"x":-0.004522344563156366,"y":0.9922734498977661,"z":-0.10485213249921799,"w":-0.07703357934951782},"size":4.454885005950928,"orthographic":true}