{"cameraMode":{"drawMode":0,"name":"Shaded","section":"Shading Mode"},"sceneLighting":true,"audioPlay":false,"sceneViewState":{"m_AlwaysRefresh":false,"showFog":true,"showSkybox":true,"showFlares":true,"showImageEffects":true,"showParticleSystems":true,"showVisualEffectGraphs":true,"m_FxEnabled":true},"in2DMode":false,"pivot":{"x":-27.266887664794923,"y":-15.944774627685547,"z":2.8254988193511965},"rotation":{"x":-0.19786430895328523,"y":0.6500803232192993,"z":-0.18238188326358796,"w":-0.7111427187919617},"size":17.137752532958986,"orthographic":false}