{"cameraMode":{"drawMode":0,"name":"Shaded","section":"Shading Mode"},"sceneLighting":false,"audioPlay":false,"sceneViewState":{"m_AlwaysRefresh":false,"showFog":false,"showSkybox":false,"showFlares":false,"showImageEffects":false,"showParticleSystems":false,"showVisualEffectGraphs":true,"m_FxEnabled":true},"in2DMode":false,"pivot":{"x":-0.008698788471519947,"y":0.09619735181331635,"z":0.01043739914894104},"rotation":{"x":-0.0006755506619811058,"y":0.9986063241958618,"z":-0.051282934844493869,"w":-0.013181354850530625},"size":0.11000242829322815,"orthographic":false}