{"cameraMode":{"drawMode":0,"name":"Shaded","section":"Shading Mode"},"sceneLighting":false,"audioPlay":false,"sceneViewState":{"m_AlwaysRefresh":false,"showFog":false,"showSkybox":false,"showFlares":false,"showImageEffects":false,"showParticleSystems":false,"showVisualEffectGraphs":true,"m_FxEnabled":true},"in2DMode":false,"pivot":{"x":-0.008423149585723877,"y":0.8156430721282959,"z":0.1349920928478241},"rotation":{"x":0.004339975770562887,"y":-0.9920687675476074,"z":0.035730477422475818,"w":0.12052697688341141},"size":1.1304850578308106,"orthographic":true}