{"cameraMode":{"drawMode":0,"name":"Shaded","section":"Shading Mode"},"sceneLighting":true,"audioPlay":false,"sceneViewState":{"m_AlwaysRefresh":false,"showFog":true,"showSkybox":true,"showFlares":true,"showImageEffects":true,"showParticleSystems":true,"showVisualEffectGraphs":true,"m_FxEnabled":true},"in2DMode":false,"pivot":{"x":24.964075088500978,"y":17.15938377380371,"z":-27.022781372070314},"rotation":{"x":0.28320538997650149,"y":0.016530510038137437,"z":0.007228013593703508,"w":0.9596351385116577},"size":1.1864498853683472,"orthographic":false}