{"cameraMode":{"drawMode":0,"name":"Shaded","section":"Shading Mode"},"sceneLighting":true,"audioPlay":false,"sceneViewState":{"m_AlwaysRefresh":false,"showFog":true,"showSkybox":true,"showFlares":true,"showImageEffects":true,"showParticleSystems":true,"showVisualEffectGraphs":true,"m_FxEnabled":true},"in2DMode":false,"pivot":{"x":96.83135223388672,"y":-105.22328186035156,"z":29.530487060546876},"rotation":{"x":0.112660251557827,"y":0.013380510732531548,"z":0.0019321219297125936,"w":0.99402916431427},"size":271.8613586425781,"orthographic":false}