{"cameraMode":{"drawMode":0,"name":"Shaded","section":"Shading Mode"},"sceneLighting":true,"audioPlay":false,"sceneViewState":{"m_AlwaysRefresh":false,"showFog":true,"showSkybox":true,"showFlares":true,"showImageEffects":true,"showParticleSystems":true,"showVisualEffectGraphs":true,"m_FxEnabled":true},"in2DMode":false,"pivot":{"x":75.48768615722656,"y":3.223142623901367,"z":-1006.3363647460938},"rotation":{"x":-0.11962477117776871,"y":0.022251417860388757,"z":-0.021571464836597444,"w":-0.9935452938079834},"size":6.769733428955078,"orthographic":false}