{"cameraMode":{"drawMode":0,"name":"Shaded","section":"Shading Mode"},"sceneLighting":true,"audioPlay":false,"sceneViewState":{"m_AlwaysRefresh":false,"showFog":true,"showSkybox":true,"showFlares":true,"showImageEffects":true,"showParticleSystems":true,"showVisualEffectGraphs":true,"m_FxEnabled":true},"in2DMode":false,"pivot":{"x":70.94202423095703,"y":-5.419360637664795,"z":48.62574768066406},"rotation":{"x":-0.22342756390571595,"y":0.007923099212348462,"z":-0.003251345595344901,"w":-0.9748777747154236},"size":20.716707229614259,"orthographic":false}